product_id,product_name,subcategory,month_minus_3,month_minus_2,month_minus_1,prediction,allocation_ratio,historical_avg,actual,mape
FMWGUEA05,薄鹽鯖魚140/170-[有骨]A團膳用-6K,薄鹽鯖魚,2082.0,2430.0,222.0,1693.1774574354788,0.1699693909430158,16.951372171401058,0,999
1UFMJEWGD,薄鹽鯖魚130/160-5K-[無中骨]團膳用,薄鹽鯖魚,1485.0,1645.0,45.0,1184.7277992091954,0.11892874050534652,8.711389521640092,0,999
FMWGJEA0C,薄鹽鯖魚100/130-6K-[無中骨]A團膳用,薄鹽鯖魚,966.0,1194.0,12.0,843.1519679786958,0.08463969670775347,10.917186417186418,0,999
FMWGJEA0E,薄鹽鯖魚160/200-6K-[無中骨]A團膳用,薄鹽鯖魚,1074.0,924.0,12.0,821.3858166314196,0.08245470453730874,10.57359413202934,0,999
FMWGJEA0D,薄鹽鯖魚130/160-6K-[無中骨]A團膳用,薄鹽鯖魚,918.0,1176.0,12.0,795.0373176320854,0.07980971401519145,9.276869158878505,0,999
1UFMJEWGE,薄鹽鯖魚160/200-5K-[無中骨]團膳用,薄鹽鯖魚,965.0,1255.0,15.0,780.9084123715728,0.07839138576420102,9.025686448184233,0,999
1UFMJEWGC,薄鹽鯖魚100/130-5K-[無中骨]團膳用,薄鹽鯖魚,810.0,1105.0,15.0,676.8509344394195,0.06794558986163633,9.010989010989011,0,999
FMWGJEA02,薄鹽鯖魚80/100-6K-[無中骨]A團膳用,薄鹽鯖魚,876.0,888.0,0.0,606.0345700999045,0.06083669866849644,8.414435302916978,0,999
FMWGJEA0F,薄鹽鯖魚200/240-6K-[無中骨]A團膳用,薄鹽鯖魚,906.0,642.0,36.0,478.85532964007444,0.0480698277497839,9.159610136452242,0,999
1UFMJES00,薄鹽鯖魚(無骨)S(以公斤計),薄鹽鯖魚,636.0,572.0,0.0,446.77889607566755,0.044849839288075885,14.493975903614459,0,999
FMWGJEA04,薄鹽鯖魚120/140-6K-[無中骨]A團膳用,薄鹽鯖魚,288.0,492.0,6.0,295.5614235577493,0.02966989368288097,17.310924369747898,0,999
FMWGUEA04,薄鹽鯖魚110/140-6K-[有骨]A團膳用,薄鹽鯖魚,240.0,276.0,0.0,190.16742756041236,0.019089931594411788,7.791044776119403,0,999
1UFMB0015,薄鹽鯖魚200/240-5K-[無骨]團膳用,薄鹽鯖魚,165.0,145.0,0.0,182.3392503214797,0.01830410107697114,9.33381037567084,0,999
1UFMB0021,薄鹽鯖魚80/100-5K-[無骨]團膳用,薄鹽鯖魚,90.0,150.0,0.0,144.15301988766197,0.014470781479699699,7.278225806451613,0,999
FM5D15S00,薄鹽鯖魚50入(真空)1.5S(無紙板),薄鹽鯖魚,150.0,150.0,0.0,143.19836412681653,0.014374948489767912,133.33333333333334,0,999
1UFMJEL00,薄鹽鯖魚(無骨)L(以公斤計),薄鹽鯖魚,212.0,232.0,4.0,142.052777213802,0.014259948901849768,7.812865497076023,0,999
FMWGUEA06,薄鹽鯖魚170/200-[有骨]A團膳用,薄鹽鯖魚,150.0,216.0,0.0,140.90719030078748,0.014144949313931626,12.985074626865671,0,999
FMWGUEA07,薄鹽鯖魚200/240-[有骨]A團膳用,薄鹽鯖魚,150.0,192.0,0.0,128.3057342576276,0.012879953846832048,17.263803680981596,0,999
1UFMJEM00,薄鹽鯖魚(無骨)M(以公斤計),薄鹽鯖魚,108.0,176.0,0.0,96.22930069322071,0.009659965385124036,7.907692307692308,0,999
1UFMJE2L0,薄鹽鯖魚(無骨)2L(以公斤計),薄鹽鯖魚,40.0,64.0,0.0,40.4774042598468,0.0040633187731077295,10.329113924050633,0,999
1UFMJES02,薄鹽鯖魚(無骨)S-(SOTO),薄鹽鯖魚,0.0,0.0,0.0,0.0,0.0,12.0,0,0
1UFMJE3L0,薄鹽鯖魚(無骨)3L(以公斤計),薄鹽鯖魚,24.0,92.0,12.0,36.65878121646503,0.0036799868133805856,10.976744186046512,0,999
FMWGJEA01,薄鹽鯖魚80下-6K-[無中骨]A團膳用,薄鹽鯖魚,60.0,90.0,0.0,35.5131943034505,0.003564987225462442,6.193548387096774,0,999
1UFMB0022,薄鹽鯖魚60/80-5K-[無骨]團膳用,薄鹽鯖魚,30.0,20.0,0.0,21.00242673859976,0.002108325778499294,5.625,0,999
FMWGUEA08,薄鹽鯖魚240/280-6K-[有骨]A團膳用,薄鹽鯖魚,30.0,66.0,0.0,18.329390608232515,0.0018399934066902928,8.727272727272727,0,999
FMWGUEA03,薄鹽鯖魚90/110-6K-[有骨]A團膳用,薄鹽鯖魚,30.0,42.0,0.0,14.89262986918892,0.001494994642935863,7.090909090909091,0,999
1UFMJEM01,薄鹽鯖魚(無骨)M(以片數計),薄鹽鯖魚,0.0,0.0,0.0,0.0,0.0,9.0,0,0
1UFMJE2L1,薄鹽鯖魚(無骨)2L(以片數計),薄鹽鯖魚,0.0,0.0,0.0,0.0,0.0,7.0,0,0
1UFMB0017,薄鹽鯖魚240/280-5K-[無骨]團膳用,薄鹽鯖魚,0.0,0.0,0.0,0.0,0.0003833319597271443,7.083333333333333,0,0
1UFMJES01,薄鹽鯖魚(無骨)S(以片數計),薄鹽鯖魚,0.0,0.0,0.0,0.0,0.0,6.5,0,0
1UFMJE3L1,薄鹽鯖魚(無骨)3L(以片數計),薄鹽鯖魚,0.0,0.0,0.0,0.0,0.0,5.5,0,0
1UFMJEL01,薄鹽鯖魚(無骨)L(以片數計),薄鹽鯖魚,3.0,1.0,0.0,0.7637246086763547,7.666639194542886e-05,1.6666666666666667,0,999
1UFMJE2L3,薄鹽鯖魚(無骨)2L(2公斤)(以盒計算),薄鹽鯖魚,0.0,2.0,0.0,0.38186230433817736,3.833319597271443e-05,1.125,0,999
FCH000002,青花菜(1K*10包)-佳旻,青花菜,9016.0,1122.0,80.0,4244.043714033906,0.5118979729379439,17.211131725417438,0,999
FCH000003,青花菜(10K)-佳旻,青花菜,5920.0,7520.0,20.0,4044.607185442481,0.4878428119653689,18.30316421167485,0,999
FCH000005,青花菜(1k*10包),青花菜,10.0,0.0,0.0,0.0,0.00025921509668723106,10.0,0,0
G52CM0000,水煮蛋-宏圓,水煮蛋,8600.0,8050.0,1050.0,6691.162810900473,0.9512525389302641,185.7712765957447,0,999
G52000001,水煮蛋-(30粒/包) 羽禾,水煮蛋,0.0,720.0,0.0,342.892329099526,0.04874746106973595,1080.0,0,999
1CH000003,白花菜(10K/箱)-佳旻,白花菜,3090.0,2080.0,0.0,2032.7413688673532,0.5863113264688068,15.819778789850357,0,999
1CH000002,白花菜(1K*10包)-富士鮮,白花菜,2010.0,2782.0,60.0,1434.2586311326468,0.4136886735311932,11.654794520547945,0,999
MAX000003,玉米粒(1K*10包),玉米粒,6568.0,6496.0,40.0,3784.620289677184,0.9887162572693342,10.660401537804358,0,999
MAX000011,玉米粒(10K/箱),玉米粒,160.0,60.0,0.0,43.19204965832972,0.01128374273066574,11.304347826086957,0,999
GAM200026,虱目魚肚去刺200/210(50片/箱),虱目魚肚,366.0,6.0,0.0,395.9266011550729,0.22489440565468494,37.16470588235294,0,999
GAM200024,虱目魚肚去刺130/140(80片/箱),虱目魚肚,687.0,14.0,0.0,265.2662701491251,0.150676665804672,39.714285714285715,0,999
GAM200023,虱目魚肚去刺100/120(100片/箱),虱目魚肚,358.0,0.0,0.0,0.0,0.14645289199206965,33.472972972972975,0,0
GAM200027,虱目魚肚去刺160/180(60片/箱),虱目魚肚,381.0,895.0,0.0,193.63830704249636,0.10999051805878804,39.875,0,999
GAM2UH016,虱目魚肚(有刺)-120-150g,虱目魚肚,231.0,275.0,0.0,159.64537539867257,0.09068183777260581,29.054054054054053,0,999
GAM200022,虱目魚肚去刺205/220(10K/50片/箱),虱目魚肚,0.0,0.0,0.0,0.0,0.0,45.54545454545455,0,0
GAM200003,虱目魚肚120/140-A,虱目魚肚,261.0,461.0,100.0,124.74191880010345,0.0708559606930437,36.036144578313255,0,999
GAM200025,虱目魚肚去刺180/200(60片/箱),虱目魚肚,0.0,0.0,0.0,0.0,0.0,34.95652173913044,0,0
GAM2UH011,虱目魚肚(有刺)-200-250g,虱目魚肚,20.0,260.0,0.0,121.70683561761918,0.06913197138177743,23.441558441558442,0,999
GAM2FH180,去刺虱目魚肚180g(90片/件),虱目魚肚,0.0,0.0,0.0,0.0,0.0,32.5,0,0
GAM200008,虱目魚肚140/170-A,虱目魚肚,10.0,0.0,0.0,0.0,0.06611499008706145,30.25974025974026,0,0
GAM200028,虱目魚肚去刺200/230(60片/箱),虱目魚肚,491.0,114.0,0.0,91.81126627014915,0.052150676665804675,46.53846153846154,0,999
GAM200010,虱目魚肚200/240-A,虱目魚肚,0.0,0.0,0.0,0.0,0.0,27.857142857142858,0,0
GAM2WS003,虱目魚肚(120/140)-台南純海水-A,虱目魚肚,0.0,0.0,0.0,0.0,0.0,21.7,0,0
GAM2FH100,去刺虱目魚肚100g(100片/件),虱目魚肚,0.0,0.0,0.0,0.0,0.0,30.0,0,0
GAM2UH200,虱目魚肚有刺(200/250),虱目魚肚,5.0,95.0,0.0,15.175415912421345,0.00861994655633135,14.45578231292517,0,999
GAM2UH180,虱目魚肚有刺-大(50片/箱),虱目魚肚,0.0,0.0,0.0,0.0,0.006464959917248513,18.75,0,0
GAM2WS006,虱目魚肚(200/240)-台南純海水-A,虱目魚肚,0.0,0.0,0.0,0.0,0.0,8.428571428571429,0,0
GAM200021,虱目魚肚去刺120/145(10K/70片/箱),虱目魚肚,0.0,0.0,0.0,0.0,0.003965175415912421,33.482142857142854,0,0
GAM200011,虱目魚肚240/280-A,虱目魚肚,0.0,0.0,0.0,0.0,0.0,4.0,0,0
12MFD4502,白帶魚切塊4/5(有肚) 10K/箱-津湧,白帶魚切塊,500.0,400.0,0.0,613.0983254770421,0.437559461922291,10.912621359223301,0,999
12MFD3401,白帶魚切塊3/4(有肚) 10K/箱-津湧,白帶魚切塊,442.18,440.0,0.0,534.9648498880367,0.38179672352263466,10.753008658008659,0,999
12MFD3402,白帶魚切塊3/4(有肚8cm) 10K/箱-佳魚,白帶魚切塊,100.0,160.0,0.0,123.7446161513296,0.08831475378248076,10.416666666666666,0,999
12MFD5601,白帶魚切塊5/6(有肚8cm) 10K/箱-佳魚,白帶魚切塊,100.0,110.0,0.0,101.24559503290604,0.07225752582202971,10.384615384615385,0,999
12MFD4505,白帶魚切塊4/5(12cm) 10K/箱-佳魚,白帶魚切塊,10.0,0.0,0.0,0.0,0.020071534950563807,10.0,0,0
NR2000005,四季豆(1K*10包),四季豆,1353.0,962.0,0.0,730.1639796204091,0.5228353948620361,12.262216924910607,0,999
NR2000004,四季豆(10K/箱),四季豆,1140.0,50.0,0.0,562.5163810239123,0.40279099270535995,15.922920892494929,0,999
NR2000008,四季豆(1K*10包)-紐西蘭,四季豆,190.0,69.0,0.0,103.86621366150194,0.07437361243260387,10.694444444444445,0,999
BM1501802,肉魚三去150/180(中國/10K)-粉,肉魚,450.0,490.0,0.0,317.124115129566,0.3877995642701525,11.763157894736842,0,999
BM-F10120,肉魚二去100/120 10K-3號 (越南),肉魚,0.0,0.0,0.0,0.0,0.0,12.5,0,0
BM-F12150,肉魚二去120/150 10K-4號 (越南),肉魚,0.0,0.0,0.0,0.0,0.0,11.176470588235293,0,0
BM1201502,肉魚三去120/150(中國/10K)-藍,肉魚,210.0,290.0,10.0,176.37801908891595,0.21568627450980393,11.01359574468085,0,999
BM1001200,肉魚三去100/120(中國/10K)-綠,肉魚,230.0,300.0,0.0,153.21726910754313,0.18736383442265794,10.43859649122807,0,999
BM1802000,肉魚三去180/200(中國/10K)-橙,肉魚,180.0,200.0,0.0,128.27492297375704,0.1568627450980392,10.579710144927537,0,999
BM-F80100,肉魚二去80/100 10K-2號 (越南),肉魚,0.0,0.0,0.0,0.0,0.034858387799564274,10.284516129032259,0,0
BM-F60800,肉魚二去60/80 10K-1號(越南),肉魚,10.0,10.0,0.0,7.1263846096531696,0.008714596949891068,11.714285714285714,0,999
BM1201501,肉魚三去120/150 3號(中國/10K),肉魚,10.0,0.0,0.0,0.0,0.004357298474945534,10.689655172413794,0,0
BM-F15180,肉魚二去150/180 10K-5號(越南),肉魚,0.0,0.0,0.0,0.0,0.004357298474945534,10.169491525423728,0,0
HQNRT0000,脆皮預炸三節翅W6(25支*4包)-東豐,脆皮預炸三節翅,3000.0,3050.0,0.0,3556.25,1.0,79.91573033707866,0,999
GMFB00000,暑魚清肉(去肚)13k,暑魚清肉,923.0,845.0,13.0,573.1751139248576,1.0,25.68032786885246,0,999
V1EVRX000,杏鮑菇下角料(3K/包)-B,杏鮑菇下角料,1452.0,1551.0,30.0,1061.55,1.0,7.7414543194530765,0,999
JEM5J10KG,吳郭魚整尾250/300-10K-團膳用-戎,吳郭魚,230.0,217.15,0.0,173.34357131026206,0.21283413558240508,12.678645833333333,0,999
JEM5J10KH,吳郭魚整尾300/350-10K-團膳用-戎,吳郭魚,0.0,0.0,0.0,0.0,0.1553635089958246,65.0,0,0
JEM5J10KE,吳郭魚整尾150/200-10K-團膳用-戎,吳郭魚,160.0,190.0,0.0,119.75766511691182,0.1470404638710483,13.12,0,999
JEM5J10KF,吳郭魚整尾200/250-10K-團膳用-戎,吳郭魚,120.0,160.0,0.0,110.71935076846565,0.13594307037134654,25.52,0,999
JEM5J10KI,吳郭魚整尾350/400-10K-團膳用-戎,吳郭魚,410.0,0.0,0.0,0.0,0.11374828337194302,143.33333333333334,0,0
JEM5J10KD,吳郭魚整尾120/150-10K-團膳用-戎,吳郭魚,140.0,100.0,0.0,88.1235648973502,0.10819958662209214,11.33731343283582,0,999
JEMNF0003,吳郭魚三去200/300 10K,吳郭魚,10.0,10.0,0.0,40.67241456800779,0.04993827074865791,11.05,0,999
JEM5J10KC,吳郭魚整尾100/120-10K-團膳用-戎,吳郭魚,0.0,0.0,0.0,0.0,0.0,11.886666666666667,0,0
JEMNF0000,吳郭魚三去250/300 10K-利盈,吳郭魚,0.0,0.0,0.0,0.0,0.03884087724895615,11.014492753623188,0,0
JEMNF5600,吳郭魚三去5/6 10K,吳郭魚,20.0,10.0,0.0,11.29789293555772,0.013871741874627197,10.0,0,999
JEM5J10KB,吳郭魚整尾80/100-10K-團膳用-戎,吳郭魚,0.0,20.0,0.0,10.687806717037601,0.013122667813397328,10.561538461538461,0,999
JEMNF0001,吳郭魚三去400/500 10K-利盈,吳郭魚,10.0,0.0,0.0,0.0,0.011097393499701758,10.81081081081081,0,0
A51W00001,蜜汁棒腿160g(20支*4包)-點鑫,蜜汁棒腿,1000.0,1120.0,0.0,990.4726285857989,1.0,39.44250871080139,0,999
1DM000004,白口魚120/150 10K-4號,白口魚,360.0,400.0,0.0,380.5579806974033,0.35864978902953587,10.54054054054054,0,999
1DM000007,白口魚180/200 10K-6號,白口魚,260.0,180.0,0.0,264.1520101311388,0.2489451476793249,10.384615384615385,0,999
1DM000003,白口魚100/120 10K-3號,白口魚,300.0,340.0,0.0,232.8119411325291,0.21940928270042195,10.098039215686274,0,999
1DM000005,白口魚150/180 10K-5號,白口魚,100.0,120.0,0.0,85.06590156765486,0.08016877637130802,10.0,0,999
1DM000006,白口魚200/250 10K-7號,白口魚,60.0,60.0,0.0,67.15729071130647,0.06329113924050633,10.0,0,999
1DM3C0000,白口魚3號 100/120 10K 越南,白口魚,10.0,0.0,0.0,0.0,0.029535864978902954,11.810344827586206,0,0
8XGGD1W00,阿里山熟烤棒腿110g(30支*4包)-點鑫,阿里山熟烤棒腿,570.0,570.0,0.0,558.8244002973738,1.0,77.96078431372548,0,999
CDM000002,哈克魚120/150 10K-津湧,哈克魚,250.0,210.0,0.0,225.62911148908768,0.4591178746453443,10.744047619047619,0,999
CDM000001,哈克魚100/120 10K-津湧,哈克魚,150.0,160.0,0.0,151.72923958002133,0.30874387412948157,10.32311320754717,0,999
CDM000005,哈克魚180/200 10K/箱,哈克魚,90.0,50.0,0.0,63.37896390142913,0.12896569512509673,10.0,0,999
CDM000003,哈克魚150/180 10K-津湧,哈克魚,0.0,70.0,0.0,50.7031711211433,0.10317255610007738,10.10752688172043,0,999
JMFD5K00D,烏魚切塊130/160-5K,烏魚切塊,215.0,203.5,0.0,243.5554926008862,0.34831657960581186,5.898407643312102,0,999
JMFD5K00C,烏魚切塊100/130-5K,烏魚切塊,125.0,110.0,0.0,160.19106690409896,0.2290944207892542,6.020675105485232,0,999
JMFDGH00D,烏魚切塊(少刺)130/160-5K,烏魚切塊,176.2,227.5,0.0,157.67417334477034,0.22549492998551426,5.783505154639175,0,999
JMFDGH00C,烏魚切塊(少刺)100/130-5K,烏魚切塊,65.0,60.0,0.0,137.81526928518954,0.1970940696194197,5.579552845528455,0,999
A2B000002,毛豆仁(1K*15包),毛豆仁,639.0,734.0,0.0,601.8209984540536,1.0,10.609477124183007,0,999
RGGD1W000,醬燒熟烤棒腿130g(25支x4包)-點鑫,醬燒熟烤棒腿,150.0,125.0,0.0,150.0,1.0,98.10606060606061,0,999
NNCCGH001,三色混合蔬菜(1K*15包)-嘉鹿,三色混合蔬菜,418.0,340.0,0.0,323.82172309404996,1.0,12.233490566037736,0,999
EZCWXUM00,裹粉海苔柳葉魚(1K*5包)-德豐食品,海苔柳葉魚,10.0,130.0,0.0,159.76974165551445,1.0,5.244282744282744,0,999
QGAMQQR0B,蒲燒鰻魚片80/100-片數,蒲燒鰻魚片,615.0,305.0,0.0,376.131217062317,0.7852466557320682,21.5,0,999
QGAMQQR0A,蒲燒鰻魚片60/80-片數,蒲燒鰻魚片,1.0,200.0,0.0,51.41201842686108,0.1073325310497679,59.333333333333336,0,999
QGAMQQG05,蒲燒鰻魚片[60P]170g±10%-片數,蒲燒鰻魚片,0.0,12.0,0.0,22.92397358427139,0.04785822813041599,11.15,0,999
QGAMQQG07,蒲燒鰻魚片[45P]220g±10%-片數,蒲燒鰻魚片,0.0,0.0,0.0,0.0,0.0,100.0,0,0
QGAMQER06,蒲燒鰻魚片[50P]200g±10%-公斤,蒲燒鰻魚片,30.0,0.0,0.0,0.0,0.032525009409020575,9.678571428571429,0,0
QGAMQER05,蒲燒鰻魚片[60P]170g±10%-公斤,蒲燒鰻魚片,0.0,15.28,0.0,8.944800954872496,0.018674001830693385,7.7069230769230765,0,999
QGAMQQG06,蒲燒鰻魚片[50P]200g±10%-片數,蒲燒鰻魚片,12.0,0.0,0.0,0.0,0.006969644873361553,9.18421052631579,0,0
QGAMQQR0D,蒲燒鰻魚片40/60-片數,蒲燒鰻魚片,1.0,1.0,0.0,0.6676885509981959,0.0013939289746723105,3.25,0,999
MNFFBWGM0,雨傘旗清肉-15K(團膳用),雨傘旗清肉,255.0,255.0,0.0,272.5823765479616,1.0,30.6,0,999
C1MQ45000,紅斑魚片4/5 6K/箱,紅斑魚片,228.0,234.0,6.0,157.30321348568785,0.9508196721311475,6.572346786248131,0,999
C1MQ56000,紅斑魚片5/6 6K/箱,紅斑魚片,0.0,0.0,0.0,0.0,0.04918032786885246,7.44,0,0
XMFDGH00C,鱸魚切塊(少刺)100/130-5K,鱸魚切塊,0.0,0.0,0.0,0.0,0.0,6.18604938271605,0,0
XMFDWGM03,鱸魚切塊(團膳用)100/130-5K,鱸魚切塊,48.36,0.0,0.0,0.0,0.4964044359729683,5.754654377880184,0,0
XMFDWGM05,鱸魚切塊(團膳用)160/200-5K,鱸魚切塊,10.0,55.0,0.0,38.77013377012056,0.2111852365274649,5.133333333333333,0,999
XMFDGH00D,鱸魚切塊(少刺)130/160-5K,鱸魚切塊,20.0,115.0,0.0,26.840861840852696,0.1462051637497834,5.979166666666667,0,999
XMFDWGM04,鱸魚切塊(團膳用)130/160-5K,鱸魚切塊,135.0,0.0,0.0,0.0,0.1462051637497834,6.33607305936073,0,0
XMFDWGM06,鱸魚切塊(團膳用)200/240-5K,鱸魚切塊,0.0,0.0,0.0,0.0,0.0,6.0,0,0
EMV150801,鮭魚下巴50/80(500g*20包),鮭魚下巴,252.0,622.0,2.0,302.37408818726186,0.8579205225911812,4.375,0,999
EMV140601,鮭魚下巴40/60(500g*20包),鮭魚下巴,48.0,83.0,0.0,50.07591181273817,0.14207947740881874,3.3205128205128207,0,999
RAXMNF012,金目鱸魚三去(280/320)戎-A,金目鱸魚,105.0,105.0,0.0,128.5812862268838,0.5313276290367099,36.25714285714286,0,999
RAXMNF011,金目鱸魚三去(240/280)戎-A,金目鱸魚,200.0,240.0,0.0,73.47502070107646,0.3036157880209771,39.275862068965516,0,999
RAXMC2F26,金目鱸魚(蝴蝶切)真空(500/600)戎-A,金目鱸魚,0.0,0.0,0.0,0.0,0.0,272.0,0,0
RAXMNF044,金目鱸魚三去(200/240)戎-A,金目鱸魚,0.0,0.0,0.0,0.0,0.0,17.4,0,0
RAXMC2F25,金目鱸魚(蝴蝶切)[真空](450/500)戎-A,金目鱸魚,20.0,30.0,0.0,13.359094672922993,0.05520287054926856,54.86363636363637,0,999
RAXMNFJ5G,金目鱸魚(三去){團膳用}(200/240)戎-5K,金目鱸魚,20.0,35.0,0.0,10.019321004692245,0.04140215291195142,5.0,0,999
RAXMC2FWG,金目鱸魚(蝴蝶切){腹開}[團膳用](200/240)戎-5K,金目鱸魚,0.0,0.0,0.0,0.0,0.029119514214739167,5.2,0,0
RAXMNF043,金目鱸魚三去(170/200)戎-A,金目鱸魚,4.0,0.0,0.0,0.0,0.01794093292851228,13.5,0,0
RAXMC2FWF,金目鱸魚(蝴蝶切){腹開}[團膳用](170/200)戎-5K,金目鱸魚,0.0,0.0,0.0,0.0,0.010350538227987855,5.0,0,0
RAXMNFJ5F,金目鱸魚(三去){團膳用}(170/200)戎-5K,金目鱸魚,0.0,10.0,0.0,1.669886834115374,0.00690035881865857,5.0,0,999
RAXMC2FWH,金目鱸魚(蝴蝶切){腹開}[團膳用](240/280)戎-5K,金目鱸魚,0.0,0.0,0.0,0.0,0.0,4.3,0,0
RAXMC2FWE,金目鱸魚(蝴蝶切){腹開}[團膳用](140/170)戎-5K,金目鱸魚,0.0,0.0,0.0,0.0,0.0,8.0,0,0
RAXMC2FWK,金目鱸魚(蝴蝶切){腹開}[團膳用](360/400)戎-5K,金目鱸魚,0.0,0.0,0.0,0.0,0.003450179409329285,5.0,0,0
RAXMC2F27,金目鱸魚(蝴蝶切){真空}(400/450)戎A,金目鱸魚,0.0,0.0,0.0,0.0,0.000690035881865857,1.25,0,0
V1ERX0000,杏鮑菇角料(3K/包)-A,杏鮑菇角料,528.0,426.0,0.0,456.51942617445883,1.0,9.068027210884354,0,999
FM5J1D005,鯖魚整尾(背開)[15P]-6k,鯖魚整尾,96.0,186.0,0.0,115.06655033303414,0.49142857142857144,8.0,0,999
FM5J1D002,鯖魚整尾(背開)[17P]-6k,鯖魚整尾,72.0,102.0,0.0,73.58907288740555,0.3142857142857143,8.941935483870967,0,999
FM5J1D006,鯖魚整尾(背開)[16P]-6k,鯖魚整尾,48.0,0.0,0.0,0.0,0.19428571428571428,18.5,0,0
GMFD2QQ10,暑魚切塊(帶皮){剖半}[無規格]-6K,暑魚切塊,210.0,116.5,0.0,180.92866193720903,0.8496122222870138,7.361662817551963,0,999
GMFD2Q00A,暑魚切塊(帶皮)[無規格]-6K,暑魚切塊,0.0,90.0,0.0,22.35220257288787,0.10496238847746224,6.260869565217392,0,999
GMFD2QJ0A,暑魚切塊(帶皮){尾}[無規格]-6K,暑魚切塊,0.0,0.0,0.0,0.0,0.04542538923552394,6.351785714285715,0,0
1V2E3K000,冰心地瓜(3K/包),冰心地瓜,66.0,138.0,0.0,78.50717265876787,0.6349693251533742,9.0,0,999
1V2E1K000,冰心地瓜(1K/包),冰心地瓜,43.0,92.0,0.0,45.13214273619989,0.36503067484662577,11.766666666666667,0,999
UMW600G00,魷魚條(10包/箱)600g-A,魷魚條,180.0,191.0,0.0,212.00366554999374,0.9393939393939394,11.246666666666666,0,999
UMW000000,魷魚條(去皮)1416600229,魷魚條,12.0,12.0,0.0,13.130549608257676,0.05818181818181818,5.413043478260869,0,999
UMWFQ600G,魷魚條(去皮)(10包/箱)600g-A,魷魚條,2.0,0.0,0.0,0.0,0.0024242424242424242,2.0,0,0
2MFW00000,鰈魚去頭120/150(10K/箱)-利盈,鰈魚,0.0,0.0,0.0,0.0,0.6557545264969713,11.385632183908045,0,0
2MFW00001,鰈魚去頭100/120(10K/箱)-利盈,鰈魚,0.0,0.0,0.0,0.0,0.21184336830955613,10.666666666666666,0,0
2MFW00002,鰈魚去頭150/180(10K/箱)-利盈,鰈魚,0.0,0.0,0.0,0.0,0.1324021051934726,10.0,0,0
GAMQJU002,虱目魚排100g(60片/6K)-丸楊,虱目魚排,120.1,300.0,0.0,174.30180997875675,1.0,11.974380165289256,0,999
TYNF00001,赤宗三去150/180(10K/箱)-利盈,赤宗,0.0,0.0,0.0,0.0,0.0,9.95,0,0
TYNF00002,赤宗三去200/250(10K/箱)-利盈-6號,赤宗,0.0,130.0,0.0,75.23122488569588,0.5714285714285714,10.049504950495049,0,999
TYNF00003,赤宗三去180/200(10K/箱)-利盈-5號,赤宗,0.0,60.0,0.0,56.423418664271914,0.42857142857142855,10.512820512820513,0,999
QGZQCW006,蒲燒腹排(90P)黃-允偉7FJ0017-104-1,蒲燒腹排,210.0,165.0,0.0,159.3973649031591,0.562883306729396,6.462037735849057,0,999
QGZQCW004,蒲燒腹排(110P)透明-允偉7FJ0017-104-1,蒲燒腹排,65.0,170.0,0.0,71.37195443425033,0.25203730152062503,9.324324324324325,0,999
QGZQCU003,蒲燒腹排(75P)藍-允偉,蒲燒腹排,45.0,45.0,0.0,47.60509360764497,0.1681088801142569,5.80984962406015,0,999
QGZQ90P00,蒲燒腹排(90P)-三井1216602283,蒲燒腹排,0.0,0.0,0.0,0.0,0.016970511635722087,6.733333333333333,0,0
USMQ45001,銀鯰魚片4/5  6K/箱,銀鯰魚片,78.0,78.0,0.0,74.68075618399787,0.39893617021276595,9.72,0,999
USMQ45000,銀鯰魚片4/5(有肚) 10K/箱,銀鯰魚片,50.0,40.0,0.0,57.2552464077317,0.3058510638297872,10.09433962264151,0,999
USMQ56000,銀鯰魚片5/6 6K/箱,銀鯰魚片,60.0,72.0,0.0,55.26375957615843,0.29521276595744683,6.087378640776699,0,999
EMFBFH003,鮭魚清肉(去刺)90/110-A (60片/箱),鮭魚清肉,363.0,1560.0,0.0,897.915,1.0,251.1818181818182,0,999
F23C00001,秋刀3號-[箱],秋刀,102.0,116.0,0.0,66.64435146443515,0.4327555289898386,1.510752688172043,0,999
F21C00000,秋刀1號,秋刀,79.0,127.0,2.0,44.09205020920502,0.28631201434548714,1.0891203703703705,0,999
F22C00001,秋刀2號-[箱],秋刀,76.0,56.0,0.0,39.39748953974895,0.255827854154214,1.0850277264325323,0,999
F24C00000,秋刀4號,秋刀,3.0,0.0,0.0,0.0,0.02510460251046025,1.6929824561403508,0,0
1UFMFD000,薄鹽鯖魚切塊40/60-6K-團膳用,薄鹽鯖魚切塊,96.0,126.0,0.0,115.0606141164872,1.0,8.69603524229075,0,999
1UFMFD002,薄鹽鯖魚切塊20/40-6K-團膳用,薄鹽鯖魚切塊,0.0,0.0,0.0,0.0,0.0,29.0,0,0
1UFMFDJE0,薄鹽鯖魚切塊(無規格)-5K-團膳用,薄鹽鯖魚切塊,0.0,0.0,0.0,0.0,0.0,16.25,0,0
CE5BQ0000,火鍋豬肉片-日月欣,火鍋豬肉片,122.0,148.0,0.0,130.1864096820955,1.0,5.482843137254902,0,999
MWD000002,芋頭塊(3K*6包),芋頭塊,108.0,96.0,0.0,100.80000000000001,1.0,7.8,0,999
CRBGCF5Q0,黃金日式厚切豬排(50片/箱)-永新,黃金日式厚切豬排,124.0,107.1,1.0,97.78699188132167,0.8998081432530377,1.7801307189542483,0,999
CRBGCF5Q1,黃金日式厚切豬排(60片/箱)-永新,黃金日式厚切豬排,11.0,8.0,0.0,10.88838810334546,0.10019185674696227,1.1313432835820896,0,999
ERSAVAWQ0,裹漿檸檬香茅腿排(50片/箱)-羅德,香茅檸檬腿排,98.0,89.0,1.0,71.99561206895862,0.8113045715756069,1.9586604361370716,0,999
EZVASAWQ0,裹粉香茅檸檬腿排(50片/箱)-羅德,香茅檸檬腿排,19.0,21.0,0.0,11.417001596726706,0.12865597392572262,1.214,0,999
EZVASAWQ1,裹粉香茅檸檬腿排(60片/箱)-羅德,香茅檸檬腿排,0.0,0.0,0.0,0.0,0.060039454498670555,1.5138888888888888,0,0
CRXUMM001,黃金柳葉魚(M/3K)-禾榮134901,黃金柳葉魚,108.0,72.0,0.0,86.06119456445357,0.5708154506437768,3.9949748743718594,0,999
CRXUML000,黃金柳葉魚(L/3K)-禾榮134901,黃金柳葉魚,66.0,102.0,0.0,64.70766508605531,0.4291845493562232,4.373684210526315,0,999
MAN000002,玉米筍切段(1K*10包),玉米筍切段,222.0,0.0,0.0,0.0,1.0,9.77710843373494,0,0
AXG200000,馬鈴薯丁(1K*15包),馬鈴薯丁,112.0,105.0,0.0,88.650447789179,1.0,11.89090909090909,0,999
1H0000000,菠菜(1K*10包),菠菜,776.0,187.0,0.0,308.44499999999994,1.0,9.24812030075188,0,999
WX2Q00001,鐵路大排70P(6K/箱)-永新,鐵路大排,36.0,42.0,0.0,42.88934564938154,0.8204518430439953,6.767021276595744,0,999
WX2Q00000,鐵路大排60P(6K/箱)-永新,鐵路大排,30.0,0.0,0.0,0.0,0.17954815695600476,6.655421686746988,0,0
JYMUUE014,午仔魚一夜干200/240-A,午仔魚一夜干,16.0,30.0,0.0,21.21572327044025,0.3836477987421384,12.055555555555555,0,999
JYMUUE017,午仔魚一夜干320/360-A,午仔魚一夜干,30.0,0.0,0.0,0.0,0.37735849056603776,31.666666666666668,0,0
JYMUUE015,午仔魚一夜干240/280-A,午仔魚一夜干,11.0,20.0,0.0,10.781761006289308,0.1949685534591195,16.5,0,999
JYMUUE036,午仔魚一夜干140/200-A,午仔魚一夜干,0.0,0.0,0.0,0.0,0.0,6.0,0,0
JYMUUE016,午仔魚一夜干280/320-A,午仔魚一夜干,0.0,6.0,0.0,2.434591194968553,0.0440251572327044,2.2,0,999
MNFMZBFD1,雨傘旗魚腹肉切塊(團膳用)-6K,雨傘旗魚腹肉,60.0,0.0,0.0,0.0,0.6628616936554287,28.43846153846154,0,0
MNFMZBFD0,雨傘旗魚腹肉切塊[無規格](團膳用),雨傘旗魚腹肉,6.0,6.0,0.0,13.379346960445979,0.3185558800106185,6.622522522522522,0,999
MNFMZBFDA,雨傘旗魚腹肉切塊500g-A,雨傘旗魚腹肉,1.0,6.0,0.0,0.7804619060260154,0.018582426333952747,1.3333333333333333,0,999
21AMFQ001,大比目魚尾段T(10K/箱),大比目魚,0.0,0.0,0.0,0.0,1.0,10.384615384615385,0,0
EXB000003,咕咾肉(5.4K/箱)-集和,咕咾肉,98.0,87.0,10.0,63.40350454827011,1.0,2.2113871635610765,0,999
XMV100006,鱸魚下巴-戎,鱸魚下巴,20.0,30.0,0.0,30.0,1.0,5.8501111111111115,0,999
CX1200002,紅蘿蔔丁(1K*15包),紅蘿蔔丁,86.0,94.0,0.0,81.55000000000001,1.0,9.140350877192983,0,999
ERSLXWQ00,裹漿紐澳良腿排(50片/箱)-羅德,紐澳良腿排,56.0,71.0,0.0,56.907270425728065,0.9150622876557192,1.2680717488789237,0,999
EZSLXWQ00,裹粉紐澳良腿排(50片/箱)-羅德,紐澳良腿排,5.0,8.0,0.0,5.282234259813866,0.08493771234428085,1.0575539568345325,0,999
UMWWGM001,魷魚頭(團膳用)(3K/包*2包)-6K,魷魚頭,66.0,30.0,0.0,42.5789374156933,1.0,8.0,0,999
JEVNRQ700,無骨香酥雞排70片(黑),無骨香酥雞排,31.0,30.0,0.0,23.915697603038083,0.41785057663379577,1.3076923076923077,0,999
JEVNRQ600,無骨香酥雞排60片(黑),無骨香酥雞排,15.0,18.0,0.0,18.893401106400088,0.33010195554069865,1.0353146853146853,0,999
JEVNRQ500,無骨香酥雞排50片(黑),無骨香酥雞排,15.0,11.0,0.0,12.512692985909526,0.21861942169480195,1.2470935960591134,0,999
JEVNRQ800,無骨香酥雞排80片(黑),無骨香酥雞排,2.0,2.0,0.0,1.9132558082430466,0.03342804613070366,1.0,0,999
EMWB2Q000,鮭魚條肉(帶皮)250g±10g-A,鮭魚條肉,1.0,123.0,0.0,67.15460152885798,1.0,51.421052631578945,0,999
CTNF00001,黑鯧三去150/180 10K,黑鯧,0.0,0.0,0.0,0.0,1.0,10.0,0,0
V5BQ00000,鹹豬肉片-永新,鹹豬肉片,48.0,60.0,0.0,59.5962556949578,1.0,6.0638297872340425,0,999
21AMFQ002,大比目魚切片TS(10K/箱),大比目魚切片,130.0,160.0,0.0,160.0,1.0,10.0,0,999
XMQWGMQGD,特級鱸魚片(130/150)[團膳用]-戎-40片/箱-A,特級鱸魚片,40.0,62.0,0.0,52.787652887792696,0.6819033345822406,38.8,0,999
XMQ000016,特級鱸魚片(240/280)-戎,特級鱸魚片,0.0,84.0,0.0,24.36353210205817,0.3147246159610341,8.905294117647058,0,999
XMQ000017,特級鱸魚片(280/320)-戎,特級鱸魚片,0.0,0.0,0.0,0.0,0.0,1.9,0,0
XMQ000033,特級鱸魚片(240/280)-戎-A,特級鱸魚片,0.0,0.0,0.0,0.0,0.0,1.5,0,0
XMQ000015,特級鱸魚片(200/240)-戎,特級鱸魚片,0.0,0.0,0.0,0.0,0.0033720494567253657,0.9,0,0
UGEMFB200,鮭魚清肉丁300g-A,鮭魚清肉丁,93.0,60.0,0.0,96.14813554412892,1.0,13.775510204081632,0,999
CXQF00000,黑輪片切-立品,黑輪片,45.0,27.0,0.0,43.7296145744791,1.0,5.309523809523809,0,999
RG2Q60P00,醬燒大排60P,醬燒大排,26.0,32.1,1.0,22.585485892419893,0.5992108229988725,1.1537433155080214,0,999
RG2Q70P00,醬燒大排70P,醬燒大排,18.0,16.0,0.0,11.919527361850953,0.31623449830890643,1.5354838709677419,0,999
RG2Q50P00,醬燒大排50P,醬燒大排,5.0,4.0,0.0,3.1870394015644257,0.08455467869222097,1.6962025316455696,0,999
WRFQ00000,土雞去皮(15K/箱),土雞去皮,30.0,60.0,0.0,34.39088262464468,1.0,30.0,0,999
X2MQ00000,冷凍魚排100g(60片/6公斤/箱)-丸楊,冷凍魚排,48.0,96.0,0.0,53.67614749021095,1.0,6.176,0,999
5WQUVN100,豬頭皮煙燻2.5mm(3K*6包)-松柏,豬頭皮煙燻,38.0,36.0,0.0,39.32697131118997,1.0,1.267223382045929,0,999
JERQ60P00,無骨雞排(60片/箱)-集和,無骨雞排,22.0,16.1,0.0,22.29401612551672,0.8128898128898129,1.5522968197879858,0,999
JERQ70P00,無骨雞排(70片/箱)-集和,無骨雞排,0.0,0.0,0.0,0.0,0.1871101871101871,3.26,0,0
988MQ0000,988香酥魚排-6K,988香酥魚排,0.1,18.0,0.0,12.0,1.0,6.593444444444445,0,999
VN2CFEWQB,香蒜帶踝去骨腿排肉(40片/箱),香蒜帶踝去骨腿排肉,33.0,31.1,0.0,32.2232179684368,1.0,2.9289690721649486,0,999
WXXR5Q60P,調理里肌豬排(60P/箱)-日月欣(藍色膠帶),調理里肌豬排,8.0,12.0,1.0,6.809433080060029,0.44389642416769426,1.2628415300546447,0,999
WXXR5Q100,調理里肌豬排(100P/箱)-日月欣HACCP,調理里肌豬排,0.0,8.0,0.0,3.026414702248901,0.19728729963008632,1.7727272727272727,0,999
WXXR5Q70P,調理里肌豬排(70P/箱)-日月欣(橘色膠帶),調理里肌豬排,4.0,3.0,0.0,2.856178875247401,0.18618988902589398,1.4107913669064749,0,999
WXXR5Q80P,調理里肌豬排(80P/箱)-日月欣HACCP,調理里肌豬排,4.0,2.0,0.0,2.6481128644677887,0.17262638717632553,1.0289855072463767,0,999
5JCBQ0000,豬五花肉片-日月欣,豬五花肉片,54.0,62.0,0.0,53.77452899918299,1.0,4.521367521367521,0,999
1V4050001,白蝦40/50(700g*14盒),白蝦,45.0,43.0,0.0,6.230769230769231,0.34615384615384615,3.9696969696969697,0,999
1V0000008,白蝦31/35(600g/盒)-A,白蝦,32.0,24.0,1.0,6.177514792899408,0.3431952662721893,6.5,0,999
1V4150000,白蝦41/50(850g*14盒),白蝦,0.0,0.0,0.0,0.0,0.0,11.777777777777779,0,0
1V0000012,白蝦30/40(850g/盒)-安興水產,白蝦,29.0,48.0,0.0,4.686390532544379,0.2603550295857988,3.52,0,999
1V2125000,白蝦21/25(600g*12盒),白蝦,12.0,3.0,0.0,0.7988165680473372,0.04437869822485207,7.5,0,999
1V0000019,白蝦40/50(1.15K*12盒),白蝦,0.0,2.0,0.0,0.10650887573964497,0.005917159763313609,2.0,0,999
EZXUM0000,裹粉柳葉魚A-5K-戎,裹粉柳葉魚,180.0,10.0,0.0,115.5,1.0,9.288571428571428,0,999
RAXMQ2E05,金目鱸魚片[帶骨]160/200-5K-團膳用,金目鱸魚片,60.0,3.9,0.0,34.380600948866636,0.5730100158144439,5.5627450980392155,0,999
RAXMQ2E06,金目鱸魚片[帶骨]200/240-5K-團膳用,金目鱸魚片,0.0,0.0,0.0,0.0,0.3742751713231418,5.9411764705882355,0,0
RAXMQ2E04,金目鱸魚片[帶骨]130/160-5K-團膳用,金目鱸魚片,0.0,0.0,0.0,0.0,0.05271481286241434,6.428571428571429,0,0
GAMQ00000,虱目魚皮300g-A,虱目魚皮,124.0,0.0,0.0,0.0,0.9348837209302325,12.175,0,0
GAMQ00001,虱目魚皮600g-A,虱目魚皮,25.0,0.0,0.0,0.0,0.06511627906976744,3.555555555555556,0,0
RVM120150,正金線魚三去120/150 10K/箱-4號,正金線魚,130.0,80.0,0.0,95.841,1.0,10.0,0,999
FMNB00000,薄鹽鯖魚碎肉(炒飯用)200g-A,薄鹽鯖魚碎肉,0.0,64.0,0.0,51.17897799529999,1.0,26.333333333333332,0,999
JMZBFD000,鮪魚腹肉切塊250G-A,鮪魚腹肉切塊,0.0,12.0,0.0,34.34226317399999,1.0,36.23076923076923,0,999
CCMNF0000,黃花魚三去 180/200 10K,黃花魚,0.0,0.0,0.0,0.0,1.0,9.991304347826087,0,0
WR2MQ0000,特級鯛魚片200g/250g-A,特級鯛魚片,30.0,35.0,5.0,24.5,1.0,14.15625,0,999
988FD0000,988黃金魚塊-3K*2包,988香酥魚塊,0.0,0.0,0.0,0.0,1.0,6.040579710144928,0,0
5GFEWQ50P,炙燒去骨腿排(50P/箱)-興瀚,炙燒去骨腿排,28.0,26.0,0.0,27.961327364226534,0.953759363728845,1.1659933774834437,0,999
5GFEWQ60P,炙燒去骨腿排(60P/箱)-興瀚,炙燒去骨腿排,0.0,0.0,0.0,0.0,0.04624063627115509,1.53125,0,0
R5XMQ0007,加州鱸魚片(170/200)戎-A,加州鱸魚片,49.0,64.0,11.0,34.59054054054054,0.4837837837837838,10.529411764705882,0,999
R5XMQ0008,加州鱸魚片(200/240)戎-A,加州鱸魚片,28.0,30.0,0.0,26.66756756756757,0.372972972972973,8.294117647058824,0,999
R5XMQKG06,加州鱸魚片170/200-12K-戎,加州鱸魚片,12.0,0.0,0.0,0.0,0.06486486486486487,12.0,0,0
R5XMQKG07,加州鱸魚片200/240-12K-戎,加州鱸魚片,12.0,0.0,0.0,0.0,0.06486486486486487,12.0,0,0
R5XMQKG05,加州鱸魚片140/170-12K-戎,加州鱸魚片,0.0,0.0,0.0,0.0,0.013513513513513514,5.0,0,0
RAC000007,雞米花(3K*2包)-集和,雞米花,44.0,40.0,0.0,35.25952083589408,1.0,2.3043478260869565,0,999
1VR000001,半香雞(50片/箱)-集和,半香雞,12.0,6.0,0.0,12.358160341588292,0.4673913043478261,1.4163461538461537,0,999
1VR000002,半香雞(60片/箱)-集和,半香雞,12.0,14.0,0.0,11.78336218616558,0.44565217391304346,1.0503067484662576,0,999
1VR000003,半香雞(40片/箱)-集和,半香雞,0.0,8.0,0.0,2.2991926216908447,0.08695652173913043,8.0,0,999
FMMX46041,鯖魚原料(400/600/20K)-Y,鯖魚原料,20.0,20.0,0.0,26.267640767048256,1.0,20.0,0,999
CXWF00000,黑輪條切-立品,黑輪條,54.0,27.0,0.0,12.0,1.0,5.389830508474576,0,999
CESBQ0000,火鍋牛肉片-日月欣,火鍋牛肉片,4.0,14.0,0.0,10.728742566093915,1.0,3.058252427184466,0,999
MAD000002,玉米塊(3K*5包),玉米塊,12.0,15.0,3.0,11.835526388696856,1.0,5.222222222222222,0,999
RVMNF1012,金線魚三去100/120 10K/箱,金線魚,40.0,20.0,0.0,43.75,0.875,10.0,0,999
RVMNF1215,金線魚三去120/150 10K/箱-4,金線魚,10.0,10.0,0.0,6.25,0.125,10.0,0,999
XMMXWV002,鱸魚魚柳條(小)3KG-A,鱸魚魚柳條,3.0,30.0,0.0,19.672131147540984,0.9836065573770492,6.702702702702703,0,999
XMMXWV001,鱸魚魚柳條(小)500g-A,鱸魚魚柳條,0.0,1.0,0.0,0.3278688524590164,0.01639344262295082,2.0,0,999
GDXUM0002,生口柳葉魚(51/55/9K)2K/包,生口柳葉魚,40.0,0.0,0.0,0.0,0.8695652173913043,6.411764705882353,0,0
GDXUM0000,生口柳葉魚(41/45),生口柳葉魚,0.0,18.0,0.0,3.5700973043478252,0.13043478260869565,6.0,0,999
G1V000009,熟台灣白蝦50/60(250g*24盒),熟台灣白蝦,0.0,0.0,0.0,0.0,1.0,43.4,0,0
RAXMUUE05,金目鱸魚一夜干[3L](450/500)戎-A,金目鱸魚一夜干,0.0,40.0,0.0,6.141732283464567,0.9448818897637795,40.0,0,999
RAXMUUE04,金目鱸魚一夜干[2L](400/450)戎-A,金目鱸魚一夜干,0.0,0.0,0.0,0.0,0.0,10.0,0,0
RAXMUUE03,金目鱸魚一夜干[L](360/400)戎-A,金目鱸魚一夜干,0.0,2.0,0.0,0.35826771653543305,0.05511811023622047,7.333333333333333,0,999
SMQ000002,鯰魚片(鱈斑魚片)300/400/10K-鋸丁用,鯰魚片(鱈斑魚片),60.0,20.0,0.0,36.400000000000006,0.8,10.0,0,999
SMQFWWGM0,鯰魚片(鱈斑魚片)切條[團膳用]-6k,鯰魚片(鱈斑魚片),20.0,0.0,0.0,0.0,0.2,36.666666666666664,0,0
FMQWGWJ03,台灣薄鹽鯖魚片51/55-6K-團膳用,台灣薄鹽鯖魚片,42.0,48.0,0.0,35.15599999999999,0.5666666666666667,7.285714285714286,0,999
FMQWGWJ01,台灣薄鹽鯖魚片41/45-6K-團膳用,台灣薄鹽鯖魚片,24.0,36.0,0.0,20.679999999999996,0.3333333333333333,12.0,0,999
FMQWGWJ04,台灣薄鹽鯖魚片56/60-6K-團膳用,台灣薄鹽鯖魚片,6.0,0.0,0.0,0.0,0.1,6.0,0,0
E1N000001,干貝酥20g(30粒*6盒)-川島,干貝酥,7.0,11.0,0.0,7.926769099096298,1.0,1.777777777777778,0,999
JMD450000,烏魚塊4/5(10K/箱)-利盈,烏魚塊,0.0,0.0,0.0,0.0,0.6666666666666666,10.0,0,0
JMD340000,烏魚塊3/4(10K/箱)-利盈,烏魚塊,0.0,0.0,0.0,0.0,0.3333333333333333,12.5,0,0
JE12MQ000,無骨白帶魚片(1K*15包),無骨白帶魚片,0.0,0.0,0.0,0.0,1.0,2.618181818181818,0,0
EZBQ00000,裹粉肉排60P-佳味香,肉排,4.0,1.0,0.0,3.6043605787111135,1.0,1.2504587155963303,0,999
E2EZ5AX00,廣島裹粉炸牡蠣270g±10%-A,廣島裹粉炸牡蠣,0.0,0.0,0.0,0.0,1.0,25.4,0,0
FMQ15D001,鯖魚剖半真空(550g上),鯖魚剖半真空,12.0,0.0,0.0,0.0,1.0,12.0,0,0
RAXM5J1DG,金目鱸魚整尾(背開)200/240-A,金目鱸魚整尾,0.0,0.0,0.0,0.0,0.7115384615384616,24.666666666666668,0,0
RAXM5J1DM,金目鱸魚整尾(背開)450/500-A,金目鱸魚整尾,0.0,0.0,0.0,0.0,0.28846153846153844,30.0,0,0
ERWVWQ000,裹漿塔香腿排(50片/箱)-羅德,塔香腿排,10.0,12.0,0.0,7.879748619804949,1.0,1.2549333333333332,0,999
EMQ000016,鮭魚片(360/400)-A,鮭魚片,0.0,0.0,0.0,0.0,0.0,4.4,0,0
EMQ000015,鮭魚片(320/360)-A,鮭魚片,0.0,3.0,5.0,2.937346935006537,0.45454545454545453,3.2,0,999
EMQ000013,鮭魚片(240/280)-A,鮭魚片,0.0,2.0,0.0,1.7624081610039222,0.2727272727272727,1.8,0,999
EMQ000014,鮭魚片(280/320)-A,鮭魚片,2.0,2.0,0.0,1.7624081610039222,0.2727272727272727,4.0,0,999
EMQ000020,鮭魚片(200/240)-A,鮭魚片,0.0,0.0,0.0,0.0,0.0,1.5,0,0
EMNBG0000,鮭魚碎肉(生)-500g-A,鮭魚碎肉,17.0,13.0,0.0,8.695917603305782,0.512396694214876,4.428571428571429,0,999
EMNB00008,鮭魚碎肉(500g/包),鮭魚碎肉,10.0,6.0,0.0,7.994633925619833,0.47107438016528924,4.071428571428571,0,999
EMNB00009,鮭魚碎肉(500gx20包),鮭魚碎肉,0.0,1.0,0.0,0.2805134710743801,0.01652892561983471,1.225,0,999
RMXFWGM05,鰹魚輪切200/240-5K-(團膳用),鰹魚輪切,5.0,0.0,0.0,0.0,1.0,5.0,0,0
C5J000003,花枝丸(600g/包)-明興,花枝丸,15.0,0.0,0.0,0.0,1.0,13.8,0,0
MJ0000000,芋丸600g-A,芋丸,2.0,3.0,0.0,2.0999999999999996,0.7,1.8947368421052633,0,999
MJG000000,芋丸(生)(3K/包)-昌南,芋丸,0.0,0.0,0.0,0.0,0.3,4.285714285714286,0,0
FMUUEL000,鯖魚一夜干L 170/200-A,鯖魚一夜干,0.0,6.0,0.0,14.35,1.0,5.5,0,999
VMQ000016,大比目魚片(鱈魚片)320/360-A,大比目魚片,0.0,5.0,0.0,5.0,0.5,6.0,0,999
VMQ000017,大比目魚片(鱈魚片)360/400-A,大比目魚片,3.0,0.0,0.0,0.0,0.3,3.0,0,0
VMQ000015,大比目魚片(鱈魚片)280/320-A,大比目魚片,2.0,0.0,0.0,0.0,0.2,7.4,0,0
WRC5J0000,特級花枝丸(A+)600g-A,特級花枝丸,0.0,5.0,1.0,3.0,1.0,1.8148148148148149,0,999
X2CB00000,冷凍越南蠔肉(600g*20包),冷凍越南蠔肉,3.0,1.2,0.0,1.2,1.0,1.1647058823529413,0,999
GAMW00005,虱目魚頭1kg-A,虱目魚頭,21.0,0.0,0.0,0.0,1.0,4.0,0,0
VMA000004,香魚(母)(7P/1K*10盒)-A,香魚,0.0,0.0,0.0,0.0,1.0,5.8,0,0
EMW000000,鮭魚頭剖半400/500-A,鮭魚頭,0.0,2.0,0.0,8.0,1.0,4.8,0,999
XUM1XUUE1,柳葉魚爆卵(一夜干)120G±10%-A,柳葉魚爆卵,0.0,0.0,0.0,0.0,1.0,5.5,0,0
EXB000004,蛤蜊肉(生)1K*10包-遼寧安德食品,蛤蜊肉,0.0,0.0,0.0,0.0,1.0,1.6666666666666667,0,0
GDFMQW000,燒烤鯖魚片(透)-180g±10%-A,燒烤鯖魚片,0.0,0.0,0.0,0.0,0.9285714285714286,2.6,0,0
GDFMQ0000,燒烤鯖魚片-180g±10%-A,燒烤鯖魚片,0.0,0.0,0.0,0.0,0.07142857142857142,1.0,0,0
GAM500001,虱目魚胗600g-A,虱目魚胗,0.0,0.0,0.0,0.0,1.0,4.666666666666667,0,0
